{"cameraMode":{"drawMode":0,"name":"Shaded","section":"Shading Mode"},"sceneLighting":true,"audioPlay":false,"sceneViewState":{"m_AlwaysRefresh":false,"showFog":true,"showSkybox":true,"showFlares":true,"showImageEffects":true,"showParticleSystems":true,"showVisualEffectGraphs":true,"m_FxEnabled":true},"in2DMode":false,"pivot":{"x":-1.6950510740280152,"y":-2.657137155532837,"z":-42.41496658325195},"rotation":{"x":0.028455525636672975,"y":0.02605912648141384,"z":0.0008656535064801574,"w":-0.9994100332260132},"size":6.240243911743164,"orthographic":false}