{"cameraMode":{"drawMode":0,"name":"Shaded","section":"Shading Mode"},"sceneLighting":true,"audioPlay":false,"sceneViewState":{"m_AlwaysRefresh":false,"showFog":true,"showSkybox":true,"showFlares":true,"showImageEffects":true,"showParticleSystems":true,"showVisualEffectGraphs":true,"m_FxEnabled":true},"in2DMode":false,"pivot":{"x":1.5172632932662964,"y":3.1369545459747316,"z":-45.8725471496582},"rotation":{"x":0.007531770970672369,"y":0.005714189726859331,"z":-0.0001494444877607748,"w":1.0000483989715577},"size":6.240243911743164,"orthographic":false}