{"cameraMode":{"drawMode":0,"name":"Shaded","section":"Shading Mode"},"sceneLighting":true,"audioPlay":false,"sceneViewState":{"m_AlwaysRefresh":false,"showFog":true,"showSkybox":true,"showFlares":true,"showImageEffects":true,"showParticleSystems":true,"showVisualEffectGraphs":true,"m_FxEnabled":true},"in2DMode":false,"pivot":{"x":-2.3543341159820558,"y":2.8781840801239015,"z":-18.366397857666017},"rotation":{"x":0.025467801839113237,"y":-0.018928492441773416,"z":-0.00030988475191406906,"w":-0.9996638894081116},"size":1.126295566558838,"orthographic":false}