{"cameraMode":{"drawMode":0,"name":"Shaded","section":"Shading Mode"},"sceneLighting":true,"audioPlay":false,"sceneViewState":{"m_AlwaysRefresh":false,"showFog":true,"showSkybox":true,"showFlares":true,"showImageEffects":true,"showParticleSystems":true,"showVisualEffectGraphs":true,"m_FxEnabled":true},"in2DMode":false,"pivot":{"x":13.602666854858399,"y":14.950366020202637,"z":26.905399322509767},"rotation":{"x":0.000041815932490862906,"y":0.9983308911323547,"z":-0.060005009174346927,"w":0.0032730326056480409},"size":6.240243911743164,"orthographic":false}